{
  "project_info": {
    "project_number": "211590584314",
    "project_id": "plswork-445ac",
    "storage_bucket": "plswork-445ac.firebasestorage.app"
  },
  "client": [
    {
      "client_info": {
        "mobilesdk_app_id": "1:211590584314:android:49f1d80e02b760d1b9f643",
        "android_client_info": {
          "package_name": "com.example.plswork"
        }
      },
      "oauth_client": [],
      "api_key": [
        {
          "current_key": "AIzaSyB8lA52x_2UdjRxfCn_wswCtld7UXkND0M"
        }
      ],
      "services": {
        "appinvite_service": {
          "other_platform_oauth_client": []
        }
      }
    }
  ],
  "configuration_version": "1"
}